images,labels
db4a2b00-066f26b4.jpg,There are some cars in front of you
d8699e8e-52790a22.jpg,There is a stop sign in front of you
cd7dff46-00000000.jpg,There are some cars in front of you
f6f90595-b5a7a6d3.jpg,There is a bus in front of you
b5050293-00000000.jpg,There are some cars buses stop signs speed limit signs people animals and traffic lights in front of you
ca1ff433-657cdd6c.jpg,There are some cars buses stop signs speed limit signs people animals and traffic lights in front of you
fbced9b7-7add6762.jpg,There are some cars in front of you
ccf1794e-5a932d98.jpg,There are some cars buses stop signs speed limit signs people animals and traffic lights in front of you
ef5f8595-875ae2c1.jpg,There is a car in front of you
f631192d-88a66eb3.jpg,There are some cars in front of you
f00e798d-847367b0.jpg,There are some cars buses stop signs speed limit signs people animals and traffic lights in front of you
df8e6d7b-a4c040f9.jpg,There is a car in front of you
f3a5a5b6-627425b8.jpg,There are some cars in front of you
f6e0e968-a6e3c3ea.jpg,There is a traffic light in front of you
cd81b7cb-e1e061f8.jpg,There is a truck in front of you
e8f8e8c7-522fa93e.jpg,There is a truck in front of you
e5df48ff-664d959b.jpg,There are some cars in front of you
b4c92367-00000000.jpg,There are some cars in front of you
cf1a6d6b-00000000.jpg,There is a stop sign in front of you
d2a8a1b2-00000000.jpg,There is a car in front of you
dcc32c9c-68c175fe.jpg,There is a car in front of you
e2874559-c0fd2807.jpg,There is a car in front of you
f5fce005-00000050.jpg,There are some cars buses stop signs speed limit signs people animals and traffic lights in front of you
e919484b-f2ebf665.jpg,There is a person in front of you
d5c460f5-368ec226.jpg,There are some cars in front of you
d96e7ae0-39a8340b.jpg,There is a car in front of you
dce8dd14-2a3fde00.jpg,There are some cars buses stop signs speed limit signs people animals and traffic lights in front of you
d7816531-045bac95.jpg,There is a car in front of you
d53c7574-00000000.jpg,There are some cars buses stop signs speed limit signs people animals and traffic lights in front of you
dcfb6a07-00000000.jpg,There are some cars buses stop signs speed limit signs people animals and traffic lights in front of you
f29c8dbb-ece40001.jpg,There is a truck in front of you
d4c9c998-cd63b211.jpg,There are some cars buses stop signs speed limit signs people animals and traffic lights in front of you
d7402ea7-cc563c45.jpg,There is a stop sign in front of you
e1b00f04-e45937bf.jpg,There are some cars buses stop signs speed limit signs people animals and traffic lights in front of you
cf16caa7-2819d557.jpg,There is a car in front of you
c453b5e8-00000000.jpg,There is a car in front of you
d2e811ee-226014c5.jpg,There are some cars buses stop signs speed limit signs people animals and traffic lights in front of you
ebd1c628-d2950ca2.jpg,There are some cars in front of you
f5fce005-00000130.jpg,There are some cars buses stop signs speed limit signs people animals and traffic lights in front of you
cca32aa2-9f8d48b6.jpg,There are some cars buses stop signs speed limit signs people animals and traffic lights in front of you
d5b5031e-b31276ce.jpg,There are some cars in front of you
cc143f30-b3d2cf65.jpg,There are some cars buses stop signs speed limit signs people animals and traffic lights in front of you
bc6d44f1-00000000.jpg,There is a traffic light in front of you
c0001662-2fe2a303.jpg,There is a car in front of you
ded43805-7c5b94d8.jpg,There are some cars in front of you
ccf2a270-03885388.jpg,There are some cars buses stop signs speed limit signs people animals and traffic lights in front of you
b1dac7f7-6b2e0463.jpg,There are some cars buses stop signs speed limit signs people animals and traffic lights in front of you
f5fce005-00000440.jpg,There are some cars in front of you
ed0767c8-9b36f9e1.jpg,There are some cars buses stop signs speed limit signs people animals and traffic lights in front of you
f5fce005-00000455.jpg,There are some cars buses stop signs speed limit signs people animals and traffic lights in front of you
ccf42930-03bcfe59.jpg,There are some cars in front of you
f40751da-b90b44bf.jpg,There is a person in front of you
e3454506-044ae4e6.jpg,There is a car in front of you
dc6936a6-aa21b72c.jpg,There are some cars in front of you
b604e59b-00000000.jpg,There is a traffic light in front of you
d843b6a3-e433edf3.jpg,There is a truck in front of you
d76986f9-bb2954c8.jpg,There are some cars buses stop signs speed limit signs people animals and traffic lights in front of you
b1bea966-61635a47.jpg,There is a traffic light in front of you
f50d767b-bc2c5ea7.jpg,There are some cars in front of you
ea0130f1-2feaa1d6.jpg,There are some cars buses stop signs speed limit signs people animals and traffic lights in front of you
f668450f-6aa942ea.jpg,There are some cars in front of you
e894896a-2b5a3ee4.jpg,There is a traffic light in front of you
f5fce005-00000125.jpg,There is a speed limit sign in front of you
d4c47a6d-92639a04.jpg,There are some cars in front of you
d7b0b701-1d6842b3.jpg,There are some cars buses stop signs speed limit signs people animals and traffic lights in front of you
e540d0bd-00000000.jpg,There is a stop sign in front of you
cc3f1794-f486be5d.jpg,There is a car in front of you
f00db2e4-7cdbd471.jpg,There is a traffic light in front of you
cb79e12f-e7189051.jpg,There are some cars buses stop signs speed limit signs people animals and traffic lights in front of you
d33238e8-51f6f8c0.jpg,There is a car in front of you
f29c8dbb-ece40000.jpg,There is a car in front of you
ce8b563e-d71647fe.jpg,There is a car in front of you
e43a0e49-4b99e49f.jpg,There is a traffic light in front of you
eb8334ba-ac8ba2ef.jpg,There are some cars buses stop signs speed limit signs people animals and traffic lights in front of you
f80444c6-30c6cec1.jpg,There is a traffic light in front of you
eabc9d57-1ca66371.jpg,There is a traffic light in front of you
bfc4a596-00000000.jpg,There is a car in front of you
ed86fa32-5dc738f3.jpg,There are some cars buses stop signs speed limit signs people animals and traffic lights in front of you
ca86db97-00000000.jpg,There are some cars in front of you
c87e845b-00000000.jpg,There is a traffic light in front of you
f47ebe4c-144332bc.jpg,There are some cars in front of you
f3c62f3f-f7fc30d0.jpg,There are some cars buses stop signs speed limit signs people animals and traffic lights in front of you
d0c10bb9-00000000.jpg,There is a traffic light in front of you
f6ccd29a-5c64af88.jpg,There are some cars buses stop signs speed limit signs people animals and traffic lights in front of you
dd531634-36872660.jpg,There are some cars in front of you
ea305bec-a0bf183d.jpg,There are some cars in front of you
cbf622f5-925372ec.jpg,There are some cars buses stop signs speed limit signs people animals and traffic lights in front of you
ceedcdec-b9d4d13d.jpg,There are some cars in front of you
c9aec19f-7be6406b.jpg,There are some cars in front of you
f10a532c-cdd405ab.jpg,There are some cars buses stop signs speed limit signs people animals and traffic lights in front of you
f5fce005-00000290.jpg,There are some cars in front of you
c809e44a-35db4a2d.jpg,There are some cars in front of you
ccb1fcd8-fb121031.jpg,There are some cars in front of you
f370114f-14f15796.jpg,There are some cars buses stop signs speed limit signs people animals and traffic lights in front of you
e8d4bb5e-8526c48b.jpg,There are some cars in front of you
b02fa9af-00000000.jpg,There are some cars in front of you
d7bda574-e0f4561d.jpg,There are some cars in front of you
e8313883-879858b1.jpg,There are some cars in front of you
c2592033-a5016a8e.jpg,There are some cars buses stop signs speed limit signs people animals and traffic lights in front of you
f5fce005-00000245.jpg,There are some cars in front of you
c8301800-928d1273.jpg,There are some cars in front of you
e00d4d9f-499bdffe.jpg,There are some cars in front of you
d55ff36d-00000000.jpg,There is a car in front of you
cbd695ed-76f1f655.jpg,There is a car in front of you
e2200e8d-5c113874.jpg,There are some cars buses stop signs speed limit signs people animals and traffic lights in front of you
d9158877-00000000.jpg,There are some cars in front of you
d9ae32d3-8254c79c.jpg,There are some cars buses stop signs speed limit signs people animals and traffic lights in front of you
bca36352-d85adb2e.jpg,There is a car in front of you
ee53eae8-01500000.jpg,There are some cars buses stop signs speed limit signs people animals and traffic lights in front of you
c4312164-69bf30b1.jpg,There is a car in front of you
d2444b82-11e6db69.jpg,There are some cars in front of you
c2a5c1f9-00000000.jpg,There are some cars buses stop signs speed limit signs people animals and traffic lights in front of you
d47ac39b-00000000.jpg,There are some cars buses stop signs speed limit signs people animals and traffic lights in front of you
d0572e1d-30ed2908.jpg,There is a car in front of you
fabe5d4b-0988a022.jpg,There are some cars in front of you
cf6226f9-0c2c1570.jpg,There are some cars in front of you
f110f281-867ec248.jpg,There is a car in front of you
c4590261-d70834dc.jpg,There are some cars in front of you
efa891bc-2748e8a2.jpg,There are some cars buses stop signs speed limit signs people animals and traffic lights in front of you
b855a117-70a18bd4.jpg,There are some cars buses stop signs speed limit signs people animals and traffic lights in front of you
d701b9fe-bc326667.jpg,There are some cars buses stop signs speed limit signs people animals and traffic lights in front of you
cf426ff7-c7550714.jpg,There are some cars buses stop signs speed limit signs people animals and traffic lights in front of you
d79af817-5387e571.jpg,There are some cars in front of you
cd583ed2-a1702aca.jpg,There are some cars in front of you
d56819d3-4038fd34.jpg,There are some cars in front of you
e5f8e1ee-733f2de9.jpg,There are some cars buses stop signs speed limit signs people animals and traffic lights in front of you
f5fce005-00000480.jpg,There are some cars in front of you
f5775fbf-7586dbf2.jpg,There are some cars in front of you
c45b7b5f-00000000.jpg,There is a traffic light in front of you
ca054553-00000000.jpg,There are some cars in front of you
b2f48fc3-eda037c9.jpg,There are some cars buses stop signs speed limit signs people animals and traffic lights in front of you
e914de6f-6453f62a.jpg,There are some cars buses stop signs speed limit signs people animals and traffic lights in front of you
eff21efd-715dd2f3.jpg,There are some trucks in front of you
e9df60bc-ace32334.jpg,There are some cars in front of you
f0a75150-92373102.jpg,There are some cars in front of you
bb1e9124-00000000.jpg,There are some cars in front of you
ebd04435-2b10f33f.jpg,There are some cars in front of you
f1178443-ecc30001.jpg,There is a car in front of you
ef52d3c6-d4d50001.jpg,There are some cars buses stop signs speed limit signs people animals and traffic lights in front of you
cb2e0e19-de61715a.jpg,There are some cars in front of you
d0d292f4-fe16ee10.jpg,There are some cars buses stop signs speed limit signs people animals and traffic lights in front of you
bc2c3e01-00000000.jpg,There are some cars buses stop signs speed limit signs people animals and traffic lights in front of you
dd359d4a-837b824a.jpg,There are some cars in front of you
dca68c6b-87483ffc.jpg,There are some cars buses stop signs speed limit signs people animals and traffic lights in front of you
f5fce005-00000325.jpg,There are some cars in front of you
bdbdc4df-8b2c09bf.jpg,There are some cars in front of you
fa060e27-503af434.jpg,There are some cars in front of you
ef52d3c6-d4d50000.jpg,There are some cars buses stop signs speed limit signs people animals and traffic lights in front of you
f5fce005-00000330.jpg,There are some cars in front of you
f1178443-ecc30000.jpg,There are some cars in front of you
ec05981f-52eed801.jpg,There are some cars buses stop signs speed limit signs people animals and traffic lights in front of you
f3d78f66-1de979c0.jpg,There is a car in front of you
ed68615a-07565d37.jpg,There are some cars in front of you
e5231397-e3267678.jpg,There are some cars in front of you
ba479cb3-a3b5aee9.jpg,There are some cars buses stop signs speed limit signs people animals and traffic lights in front of you
f1231b1c-a8e459a6.jpg,There are some cars buses stop signs speed limit signs people animals and traffic lights in front of you
f23c5f6d-95355541.jpg,There are some cars buses stop signs speed limit signs people animals and traffic lights in front of you
eb5ff555-56fe847a.jpg,There is a traffic light in front of you
d76986f9-812c613a.jpg,There is a traffic light in front of you
e5e1d492-2c1699b7.jpg,There are some cars in front of you
b4d6c129-00000000.jpg,There are some cars in front of you
cb6c943c-00000000.jpg,There are some cars in front of you
afba0fcf-00000000.jpg,There is a traffic light in front of you
b8b0554a-ecca297f.jpg,There are some cars in front of you
ae4b0c67-4607fe51.jpg,There are some cars buses stop signs speed limit signs people animals and traffic lights in front of you
dd5e0167-9646d105.jpg,There are some cars buses stop signs speed limit signs people animals and traffic lights in front of you
e5d8f7bf-4dba0000.jpg,There are some cars in front of you
e0598429-b54a3dea.jpg,There is a car in front of you
f4b78d56-f5843a2d.jpg,There are some cars in front of you
eab29722-de0f993d.jpg,There is a car in front of you
f2dff522-f0a38141.jpg,There are some cars buses stop signs speed limit signs people animals and traffic lights in front of you
aeb11c82-00000000.jpg,There are some cars buses stop signs speed limit signs people animals and traffic lights in front of you
d75bf8ff-10718f24.jpg,There is a traffic light in front of you
ee187c50-79e0a732.jpg,There is a truck in front of you
f1edfa9d-ddc7b78b.jpg,There are some cars buses stop signs speed limit signs people animals and traffic lights in front of you
e14cc3d4-a5ef4e52.jpg,There is a bus in front of you
df85e86a-aee49961.jpg,There are some cars buses stop signs speed limit signs people animals and traffic lights in front of you
f10c8472-d1e639ac.jpg,There are some cars in front of you
e77f99cc-ddb52cb2.jpg,There are some cars buses stop signs speed limit signs people animals and traffic lights in front of you
da21414c-8aa5fe10.jpg,There are some cars buses stop signs speed limit signs people animals and traffic lights in front of you
e6066341-00000000.jpg,There are some cars buses stop signs speed limit signs people animals and traffic lights in front of you
f5fce005-00000085.jpg,There are some cars buses stop signs speed limit signs people animals and traffic lights in front of you
ee53eae8-01500001.jpg,There are some cars buses stop signs speed limit signs people animals and traffic lights in front of you
e3da9b85-00000000.jpg,There are some cars buses stop signs speed limit signs people animals and traffic lights in front of you
c754a767-00000000.jpg,There are some cars buses stop signs speed limit signs people animals and traffic lights in front of you
f34e6aad-00000000.jpg,There is a traffic light in front of you
cebca5ba-a256615d.jpg,There are some cars in front of you
c4fa1f75-00000000.jpg,There are some cars buses stop signs speed limit signs people animals and traffic lights in front of you
bfa97bc1-00000000.jpg,There is a traffic light in front of you
f5fce005-00000250.jpg,There are some cars in front of you
f050b487-f5478f65.jpg,There are some cars in front of you
d4eac0dc-00000000.jpg,There are some cars in front of you
ac985232-00000000.jpg,There is a car in front of you
ed69cacd-c01c4daf.jpg,There are some cars buses stop signs speed limit signs people animals and traffic lights in front of you
d96d4bda-00000000.jpg,There are some cars buses stop signs speed limit signs people animals and traffic lights in front of you
b67eeecf-00000000.jpg,There are some cars in front of you
f2316525-00000000.jpg,There is a stop sign in front of you
ca27074b-0f73fb1a.jpg,There is a car in front of you
b26cfcdc-2e2978f0.jpg,There are some cars buses stop signs speed limit signs people animals and traffic lights in front of you
cf8e4eb8-9c84d3d4.jpg,There is a car in front of you
e2d7a2dc-ee371994.jpg,There are some cars buses stop signs speed limit signs people animals and traffic lights in front of you
c1bb60fd-d778dd51.jpg,There are some cars in front of you
b806d16d-00000000.jpg,There is a person in front of you
f5fce005-00000240.jpg,There is a car in front of you
ed5f05b1-23e30001.jpg,There are some cars in front of you
ef618da0-ddd90000.jpg,There are some cars in front of you
d7150e73-0747352f.jpg,There are some cars in front of you
eca590d0-00000000.jpg,There are some cars buses stop signs speed limit signs people animals and traffic lights in front of you
afd0aabb-caf615d5.jpg,There is a car in front of you
e2c1b139-d32e6e13.jpg,There is a traffic light in front of you
f5df3fdb-484987e0.jpg,There are some cars buses stop signs speed limit signs people animals and traffic lights in front of you
ecb710ec-3ce2f9a5.jpg,There are some cars buses stop signs speed limit signs people animals and traffic lights in front of you
d64c65d8-3cc556da.jpg,There are some cars in front of you
f110f281-08ac5d6b.jpg,There are some cars in front of you
ec458a02-65468d08.jpg,There is a traffic light in front of you
df8f2f29-b7c00d18.jpg,There are some cars in front of you
d86771dd-00000000.jpg,There is a car in front of you
d0bf7531-7a0be3ce.jpg,There are some cars buses stop signs speed limit signs people animals and traffic lights in front of you
e4fb4514-944f3e03.jpg,There are some cars buses stop signs speed limit signs people animals and traffic lights in front of you
c24838fd-ebf65d08.jpg,There is a car in front of you
d6beb431-cb0e31aa.jpg,There is a car in front of you
e10b87da-dc8bd45c.jpg,There are some cars in front of you
ccc1e15a-00000000.jpg,There is a car in front of you
e3098f2d-791b89d3.jpg,There are some cars in front of you
fbd61ca6-f629603c.jpg,There is a person in front of you
d9b73e26-0a8b80ff.jpg,There are some animals in front of you
d6f3bc83-12ef2806.jpg,There is a bus in front of you
e92ceca1-0cfddfdb.jpg,There are some cars buses stop signs speed limit signs people animals and traffic lights in front of you
f262af75-00000000.jpg,There are some cars buses stop signs speed limit signs people animals and traffic lights in front of you
d7ae13cc-05b75de8.jpg,There are some cars buses stop signs speed limit signs people animals and traffic lights in front of you
f458cdaf-bb5acc2e.jpg,There are some cars buses stop signs speed limit signs people animals and traffic lights in front of you
c45fce16-1139f0fa.jpg,There are some cars buses stop signs speed limit signs people animals and traffic lights in front of you
f340ca3d-7c10fd93.jpg,There are some cars in front of you
cf7a2c85-b1d3f376.jpg,There is a car in front of you
ceb0b6b4-7a2ddab7.jpg,There are some cars buses stop signs speed limit signs people animals and traffic lights in front of you
b3e0246f-00000000.jpg,There are some cars buses stop signs speed limit signs people animals and traffic lights in front of you
ec742ce8-de716f84.jpg,There are some cars in front of you
f5fce005-00000320.jpg,There are some cars in front of you
ec50cd9b-37c7b4b8.jpg,There are some cars buses stop signs speed limit signs people animals and traffic lights in front of you
b5b1efcb-3abdd155.jpg,There are some cars in front of you
ebc20eba-0bb7f017.jpg,There are some cars buses stop signs speed limit signs people animals and traffic lights in front of you
eb93afcb-43f1b261.jpg,There are some cars in front of you
e7dff657-53e4a3fe.jpg,There are some cars buses stop signs speed limit signs people animals and traffic lights in front of you
ff88670c-e2a4a167.jpg,There is a car in front of you
fb251075-948e4599.jpg,There are some cars buses stop signs speed limit signs people animals and traffic lights in front of you
f1f2fbfc-de79574b.jpg,There is a car in front of you
bdf3c743-95da6dcd.jpg,There is a car in front of you
caf20749-00000000.jpg,There are some cars buses stop signs speed limit signs people animals and traffic lights in front of you
cbe24b7c-1407ffa0.jpg,There are some cars in front of you
edd796d7-0cbc6e03.jpg,There are some cars buses stop signs speed limit signs people animals and traffic lights in front of you
f5fce005-00000335.jpg,There are some cars in front of you
d33f0c00-a05ea7e1.jpg,There are some cars buses stop signs speed limit signs people animals and traffic lights in front of you
e9776261-a40b0e74.jpg,There are some cars in front of you
f5fce005-00000490.jpg,There are some cars in front of you
af4bcae9-00000000.jpg,There are some cars in front of you
e6cdde45-3e91bdb2.jpg,There is a traffic light in front of you
e34d6953-00000000.jpg,There are some cars buses stop signs speed limit signs people animals and traffic lights in front of you
d1c4bfb0-5d155928.jpg,There is a traffic light in front of you
d1195ee8-92975657.jpg,There are some cars in front of you
ec2fb497-55c517a9.jpg,There is a traffic light in front of you
d36d9e2a-00000000.jpg,There are some cars in front of you
ebe74520-76cbf5ef.jpg,There are some cars buses stop signs speed limit signs people animals and traffic lights in front of you
f2d94c12-00000000.jpg,There is a car in front of you
e062922a-7757b97b.jpg,There is a traffic light in front of you
ca737ec3-dd925820.jpg,There are some cars in front of you
cc09dc1a-d106929d.jpg,There are some cars buses stop signs speed limit signs people animals and traffic lights in front of you
f53ec284-1b477133.jpg,There is a stop sign in front of you
af3dc221-1f206eeb.jpg,There is a traffic light in front of you
d58cbda2-77bae769.jpg,There is a traffic light in front of you
e072c83a-a4e8f5e0.jpg,There are some cars in front of you
ef651996-1f22fa41.jpg,There is a car in front of you
f619fc55-5886b907.jpg,There are some cars buses stop signs speed limit signs people animals and traffic lights in front of you
f319900a-50b89e0d.jpg,There are some cars in front of you
df9c5219-e4533db2.jpg,There are some cars buses stop signs speed limit signs people animals and traffic lights in front of you
b605d5d8-d93197ff.jpg,There is a traffic light in front of you
fc5fb57b-11ec7627.jpg,There are some cars in front of you
f912ec07-ced7796b.jpg,There is a speed limit sign in front of you
af2d8f1f-f36ec56e.jpg,There are some cars buses stop signs speed limit signs people animals and traffic lights in front of you
e1e3a1db-ad9c9adb.jpg,There is a traffic light in front of you
e865f192-897b5fa6.jpg,There are some cars in front of you
f5fce005-00000080.jpg,There are some cars buses stop signs speed limit signs people animals and traffic lights in front of you
dad78646-f489c1a6.jpg,There is a traffic light in front of you
bdfcba58-078407cd.jpg,There is a traffic light in front of you
bc381311-00000000.jpg,There is a traffic light in front of you
f4fa801d-09e2818c.jpg,There are some cars buses stop signs speed limit signs people animals and traffic lights in front of you
f5fce005-00000255.jpg,There are some cars buses stop signs speed limit signs people animals and traffic lights in front of you
ef618da0-ddd90001.jpg,There are some cars buses stop signs speed limit signs people animals and traffic lights in front of you
cd7903c5-c5fe4f71.jpg,There is a traffic light in front of you
efa10bdf-b5efa14b.jpg,There are some cars in front of you
dd282e3a-00000000.jpg,There are some cars in front of you
ed5f05b1-23e30000.jpg,There are some cars in front of you
d458e202-00000000.jpg,There are some cars buses stop signs speed limit signs people animals and traffic lights in front of you
b87ca2c5-c3c19d35.jpg,There are some cars buses stop signs speed limit signs people animals and traffic lights in front of you
e327dd31-22cc0001.jpg,There is a stop sign in front of you
c4f6b097-00000000.jpg,There is a car in front of you
cc74e071-e232182f.jpg,There is a traffic light in front of you
b1d2fc01-de57a9c3.jpg,There is a traffic light in front of you
cdbaa1ba-7e4ccb6c.jpg,There are some cars in front of you
ef664eb5-8d7f14bb.jpg,There is a bus in front of you
c242b4b8-7d736f74.jpg,There are some cars in front of you
e3a1a23a-e399f213.jpg,There are some cars buses stop signs speed limit signs people animals and traffic lights in front of you
d7a62a80-4abe6d10.jpg,There are some cars buses stop signs speed limit signs people animals and traffic lights in front of you
b5250c2c-00000000.jpg,There are some cars in front of you
e29345c1-c4f2723a.jpg,There are some cars buses stop signs speed limit signs people animals and traffic lights in front of you
dc120902-00000000.jpg,There are some cars in front of you
f345fbdf-d13c13e9.jpg,There is a traffic light in front of you
af7f0bb2-00000000.jpg,There are some cars in front of you
e7c11e15-00000000.jpg,There is a traffic light in front of you
d308674c-82e7465d.jpg,There is a car in front of you
f3cd61f3-00000000.jpg,There are some cars in front of you
d91b3a80-014e1ed7.jpg,There are some cars buses stop signs speed limit signs people animals and traffic lights in front of you
ef009e8b-af87fd98.jpg,There is a truck in front of you
f14449a8-4bec181a.jpg,There is a traffic light in front of you
d49af90b-a3552daf.jpg,There are some cars in front of you
b912099e-00000000.jpg,There are some cars in front of you
e8e5ae1c-00000000.jpg,There is a traffic light in front of you
e0260213-1c0e9ecd.jpg,There are some cars in front of you
dbd7570c-83cac027.jpg,There is a stop sign in front of you
d6c78174-00000000.jpg,There is a traffic light in front of you
cbd12311-435e80c9.jpg,There are some cars in front of you
e29498d7-24a2c96b.jpg,There are some cars in front of you
afbcc97f-ccbd0bad.jpg,There are some cars buses stop signs speed limit signs people animals and traffic lights in front of you
ef6b53b7-f365b340.jpg,There are some cars in front of you
f3badfc4-dcdb46dc.jpg,There is a traffic light in front of you
c62dc284-90903858.jpg,There are some cars buses stop signs speed limit signs people animals and traffic lights in front of you
f96cfa65-96011ac6.jpg,There are some cars in front of you
d58d1ff6-e8ddaba9.jpg,There is a traffic light in front of you
efc48729-d5dedaf0.jpg,There are some cars buses stop signs speed limit signs people animals and traffic lights in front of you
d23e89fc-bb730164.jpg,There is a traffic light in front of you
ee00f1f8-e32c50ae.jpg,There are some cars buses stop signs speed limit signs people animals and traffic lights in front of you
f53110c1-060eff62.jpg,There is a person in front of you
ffdde79c-2c0d6a04.jpg,There are some cars in front of you
eb9c6719-fee4ad98.jpg,There are some cars in front of you
e4ee1064-00000000.jpg,There are some cars in front of you
dc685bae-daddd154.jpg,There are some cars buses stop signs speed limit signs people animals and traffic lights in front of you
af962335-00000000.jpg,There are some cars in front of you
d0a5395c-63554e28.jpg,There is a traffic light in front of you
f4a3fb24-00000000.jpg,There is a traffic light in front of you
fc47f81b-47f367b9.jpg,There is a car in front of you
f1207b48-00000000.jpg,There are some cars buses stop signs speed limit signs people animals and traffic lights in front of you
e515fca5-b86ee17a.jpg,There is a car in front of you
f28e3879-4b763aec.jpg,There are some cars in front of you
db692aaf-8f853296.jpg,There are some cars in front of you
dbc6bd69-124dc5db.jpg,There is a car in front of you
ed437033-0b284150.jpg,There is a traffic light in front of you
db8ab0d8-50191b80.jpg,There are some cars in front of you
e90ca71f-a869df0d.jpg,There is a car in front of you
b187a91a-4203b1fa.jpg,There are some cars buses stop signs speed limit signs people animals and traffic lights in front of you
d286e996-00000000.jpg,There are some cars in front of you
fcfbeded-cf1d75d7.jpg,There are some cars buses stop signs speed limit signs people animals and traffic lights in front of you
edb32bd4-625fd127.jpg,There are some cars buses stop signs speed limit signs people animals and traffic lights in front of you
f5fce005-00000450.jpg,There are some cars buses stop signs speed limit signs people animals and traffic lights in front of you
ea723b41-fadf422f.jpg,There are some cars buses stop signs speed limit signs people animals and traffic lights in front of you
f3c744e5-1f611c0a.jpg,There is a traffic light in front of you
e0d90a1a-97faf451.jpg,There is a car in front of you
d3994676-22b4f0f2.jpg,There are some cars in front of you
ea0caef3-00000000.jpg,There are some cars buses stop signs speed limit signs people animals and traffic lights in front of you
cce124cb-eaa1877e.jpg,There are some cars in front of you
de594ebf-74f3b97b.jpg,There is a traffic light in front of you
daa6fb88-b13e0c22.jpg,There is a traffic light in front of you
b168df58-00000000.jpg,There is a traffic light in front of you
efa6f73b-8c261ec4.jpg,There are some cars in front of you
af60c09f-00000000.jpg,There is a traffic light in front of you
d5a964ad-f55cce01.jpg,There are some cars buses stop signs speed limit signs people animals and traffic lights in front of you
e475b7a7-00000000.jpg,There is a speed limit sign in front of you
f5704c42-47208066.jpg,There are some cars in front of you
e79e8e92-8231191a.jpg,There are some cars in front of you
dc72bfe8-be9f4bff.jpg,There are some cars in front of you
c748c1a1-3d32faf8.jpg,There is a traffic light in front of you
f11e1dc4-6879f207.jpg,There are some cars in front of you
fb3645df-ff790104.jpg,There are some cars buses stop signs speed limit signs people animals and traffic lights in front of you
b503cd8a-00000000.jpg,There are some cars in front of you
f04dcd28-c7d8556c.jpg,There is a traffic light in front of you
e8c8d94e-00000000.jpg,There is a traffic light in front of you
ef04ce5c-c4dfd5e0.jpg,There are some cars in front of you
dff0f05f-57186862.jpg,There are some cars in front of you
d4eb8adc-e95a5937.jpg,There are some cars in front of you
de0f29a9-33e1a5ee.jpg,There is a car in front of you
d4676c28-00000000.jpg,There are some cars buses stop signs speed limit signs people animals and traffic lights in front of you
f13a803b-87b98deb.jpg,There are some cars in front of you
f023e21a-a6a3c96f.jpg,There are some cars in front of you
dac6bc28-170425a3.jpg,There is a car in front of you
f364086d-bdd9f231.jpg,There are some cars in front of you
ace9bf57-669189d2.jpg,There are some cars buses stop signs speed limit signs people animals and traffic lights in front of you
e29fb822-6b94ada8.jpg,There is a car in front of you
e1ae7924-cd6e9732.jpg,There is a truck in front of you
e92bd00a-802ff1fa.jpg,There are some cars in front of you
e83a7b10-00000000.jpg,There is a car in front of you
c103f4d7-218d2190.jpg,There is a speed limit sign in front of you
dbf12355-c97fc160.jpg,There is a truck in front of you
bc107335-a5812035.jpg,There is a car in front of you
f2b0aa3b-00000000.jpg,There are some cars in front of you
d48eba41-5f8ae6ea.jpg,There is a car in front of you
ca8d71f4-dc87a99b.jpg,There is a car in front of you
f5fce005-00000295.jpg,There is a car in front of you
dbaf1f0e-b17a06e6.jpg,There is a car in front of you
d63fa867-ca1b0a60.jpg,There is a car in front of you
ec1c6f9c-27ef7f8b.jpg,There are some cars in front of you
d84ca8a9-3c1c8696.jpg,There are some cars buses stop signs speed limit signs people animals and traffic lights in front of you
d458cf06-00000000.jpg,There are some cars in front of you
d8aae5a4-e44a02c5.jpg,There are some cars in front of you
d232df7c-a3e4af47.jpg,There is a traffic light in front of you
ebf56eee-d79e4923.jpg,There are some cars in front of you
f1cc95ce-0239c4f0.jpg,There is a car in front of you
f3b51a3c-00000000.jpg,There is a stop sign in front of you
b94a9ed0-081117e5.jpg,There is a truck in front of you
d4e251b2-278a1e19.jpg,There are some cars in front of you
eb273a18-df7c26f1.jpg,There is a car in front of you
f5fce005-00000225.jpg,There is a car in front of you
e43739bb-e1db1644.jpg,There is a car in front of you
d0f5f208-6735e004.jpg,There is a car in front of you
f4dbc97d-00000000.jpg,There is a traffic light in front of you
fa3e15c1-26de2d26.jpg,There is a car in front of you
ee412d52-4f9c6c8d.jpg,There is a bus in front of you
e81e652f-2f12d86b.jpg,There are some cars buses stop signs speed limit signs people animals and traffic lights in front of you
dcb7f6a9-533d1a3b.jpg,There is a car in front of you
c9b0ae20-00000000.jpg,There are some cars in front of you
eed8895c-00000000.jpg,There are some cars buses stop signs speed limit signs people animals and traffic lights in front of you
dde08f29-5c4e685b.jpg,There is a car in front of you
ee48cd12-00000000.jpg,There are some cars buses stop signs speed limit signs people animals and traffic lights in front of you
f5c02502-1600d619.jpg,There is a car in front of you
f8e20ba7-0bbdc7c5.jpg,There are some cars buses stop signs speed limit signs people animals and traffic lights in front of you
f1a14c3a-f053d94f.jpg,There are some cars buses stop signs speed limit signs people animals and traffic lights in front of you
f2d43d4f-0ae74665.jpg,There are some cars in front of you
ac6e638d-7c84846d.jpg,There are some cars buses stop signs speed limit signs people animals and traffic lights in front of you
c259431a-5d8f25fe.jpg,There are some cars buses stop signs speed limit signs people animals and traffic lights in front of you
e3b0a139-00000000.jpg,There is a traffic light in front of you
e806cc25-cb6d0485.jpg,There is a bus in front of you
cf0e8c3f-3fc30318.jpg,There are some cars in front of you
ca6f4113-00000000.jpg,There are some cars buses stop signs speed limit signs people animals and traffic lights in front of you
c0e3df1a-23ee839e.jpg,There are some cars buses stop signs speed limit signs people animals and traffic lights in front of you
f483092b-2c303a48.jpg,There are some cars in front of you
e2de60f3-3823b936.jpg,There are some cars in front of you
bda533cf-00000000.jpg,There is a person in front of you
e2b7cdb6-5b601355.jpg,There are some cars in front of you
d6e3020e-ae79566a.jpg,There are some cars in front of you
d327a9f0-b39272c4.jpg,There is a car in front of you
e9e34284-65b58cc5.jpg,There is a speed limit sign in front of you
e1d3f6b5-7a2e2076.jpg,There are some cars buses stop signs speed limit signs people animals and traffic lights in front of you
fd02ac81-200f70ec.jpg,There are some cars buses stop signs speed limit signs people animals and traffic lights in front of you
c81af731-9c0d8199.jpg,There are some cars buses stop signs speed limit signs people animals and traffic lights in front of you
f5fce005-00000345.jpg,There is a car in front of you
dae569ed-7ff45e8a.jpg,There are some cars buses stop signs speed limit signs people animals and traffic lights in front of you
f5fce005-00000350.jpg,There is a car in front of you
eedaa677-cf2cdbcc.jpg,There are some cars buses stop signs speed limit signs people animals and traffic lights in front of you
d49af90b-f446b6dd.jpg,There are some cars buses stop signs speed limit signs people animals and traffic lights in front of you
bfc99d50-00000000.jpg,There are some cars in front of you
b6a6df2d-4354e644.jpg,There are some cars buses stop signs speed limit signs people animals and traffic lights in front of you
fd68cd59-039ed17f.jpg,There is a car in front of you
d01eec5c-92169295.jpg,There is a car in front of you
ad9f7908-42ec4c0e.jpg,There is a car in front of you
f00ea4c7-00000000.jpg,There is a car in front of you
c8607b19-00000000.jpg,There are some cars buses stop signs speed limit signs people animals and traffic lights in front of you
e504493f-00000000.jpg,There is a car in front of you
dbb42338-9815afdc.jpg,There are some cars buses stop signs speed limit signs people animals and traffic lights in front of you
df5767c2-3c7ca890.jpg,There are some cars buses stop signs speed limit signs people animals and traffic lights in front of you
d44fcea4-8dbbbd61.jpg,There are some cars buses stop signs speed limit signs people animals and traffic lights in front of you
ca80e980-08d56591.jpg,There are some cars in front of you
e11fd094-3b908cc6.jpg,There is a truck in front of you
e2a14bea-a3e1144f.jpg,There are some cars buses stop signs speed limit signs people animals and traffic lights in front of you
e2052b6d-46e9e9c1.jpg,There are some cars buses stop signs speed limit signs people animals and traffic lights in front of you
ebfa9956-00000000.jpg,There are some cars in front of you
e478ef30-00000000.jpg,There are some cars buses stop signs speed limit signs people animals and traffic lights in front of you
e32c6001-ebf278f6.jpg,There is a car in front of you
d4d37c0c-76b3cf39.jpg,There is a person in front of you
e9972bac-04de3e37.jpg,There are some cars buses stop signs speed limit signs people animals and traffic lights in front of you
f8e5d537-091de42f.jpg,There is a car in front of you
b318e5aa-00000000.jpg,There is a car in front of you
dea52b4b-a80b8814.jpg,There are some cars in front of you
ce0c245a-00000000.jpg,There are some cars buses stop signs speed limit signs people animals and traffic lights in front of you
fd866470-7cc453f1.jpg,There are some cars buses stop signs speed limit signs people animals and traffic lights in front of you
bb58cae9-00000000.jpg,There is a car in front of you
f33fa6e5-841fabea.jpg,There is a car in front of you
ec160e2f-ae3bfd03.jpg,There are some cars buses stop signs speed limit signs people animals and traffic lights in front of you
ee6ea7ec-7ed70ad8.jpg,There is a stop sign in front of you
e92bd00a-743bf0fb.jpg,There are some cars buses stop signs speed limit signs people animals and traffic lights in front of you
e5d3f007-8ca10000.jpg,There are some cars buses stop signs speed limit signs people animals and traffic lights in front of you
e430d47a-13148383.jpg,There are some cars buses stop signs speed limit signs people animals and traffic lights in front of you
fa422d0e-a0dfc3ec.jpg,There are some cars in front of you
f5fce005-00000230.jpg,There is a speed limit sign in front of you
e7b19ae5-bd2282b8.jpg,There are some cars buses stop signs speed limit signs people animals and traffic lights in front of you
db55c4fe-8b8b9518.jpg,There are some cars in front of you
ed57d93e-4f363b63.jpg,There are some cars buses stop signs speed limit signs people animals and traffic lights in front of you
d3e7e04b-26565af6.jpg,There are some cars buses stop signs speed limit signs people animals and traffic lights in front of you
efc77880-8182fe69.jpg,There are some cars buses stop signs speed limit signs people animals and traffic lights in front of you
f2cffd78-00000000.jpg,There is a traffic light in front of you
e819f244-654c06d0.jpg,There are some cars buses stop signs speed limit signs people animals and traffic lights in front of you
cb139ff8-00000000.jpg,There are some cars buses stop signs speed limit signs people animals and traffic lights in front of you
e52d08d4-1fec59c4.jpg,There are some cars buses stop signs speed limit signs people animals and traffic lights in front of you
d1188bb8-ac748fd9.jpg,There are some cars buses stop signs speed limit signs people animals and traffic lights in front of you
af822d18-a1eb2364.jpg,There are some cars buses stop signs speed limit signs people animals and traffic lights in front of you
d49af90b-a3de9324.jpg,There are some cars buses stop signs speed limit signs people animals and traffic lights in front of you
eca4b0f5-26180000.jpg,There are some cars in front of you
dc103ccf-a004c12b.jpg,There are some cars buses stop signs speed limit signs people animals and traffic lights in front of you
f9306f7c-73653938.jpg,There is a bus in front of you
e02ea06e-5864e925.jpg,There are some cars buses stop signs speed limit signs people animals and traffic lights in front of you
d2c32ebe-1895cebf.jpg,There are some cars buses stop signs speed limit signs people animals and traffic lights in front of you
b909df8f-51c574bb.jpg,There are some cars buses stop signs speed limit signs people animals and traffic lights in front of you
af38b9e7-e94ada5b.jpg,There are some cars buses stop signs speed limit signs people animals and traffic lights in front of you
dfb01821-8062378b.jpg,There are some cars buses stop signs speed limit signs people animals and traffic lights in front of you
ec8fb55a-00000000.jpg,There are some cars buses stop signs speed limit signs people animals and traffic lights in front of you
e0bd4ba9-c9bbd379.jpg,There are some cars buses stop signs speed limit signs people animals and traffic lights in front of you
d99d368c-8ec243c9.jpg,There are some cars buses stop signs speed limit signs people animals and traffic lights in front of you
d6346aa2-083f3cc9.jpg,There are some cars buses stop signs speed limit signs people animals and traffic lights in front of you
b2ea3465-e9cc8650.jpg,There are some cars buses stop signs speed limit signs people animals and traffic lights in front of you
bc88fd46-c20fe7dd.jpg,There are some cars buses stop signs speed limit signs people animals and traffic lights in front of you
e139f623-00000000.jpg,There is a car in front of you
eba29449-554b2a97.jpg,There are some cars buses stop signs speed limit signs people animals and traffic lights in front of you
ea1e70a6-cd4a6bcd.jpg,There are some cars in front of you
fb1323a3-e0fd8a12.jpg,There are some cars in front of you
d9cc2dfb-00000000.jpg,There is a car in front of you
c0217f91-3ec34076.jpg,There is a car in front of you
f1edf978-00000000.jpg,There are some cars buses stop signs speed limit signs people animals and traffic lights in front of you
bf901198-00000000.jpg,There are some cars buses stop signs speed limit signs people animals and traffic lights in front of you
f4ee7ab8-d5491d14.jpg,There is a car in front of you
e9bb8585-5cb6dbff.jpg,There is a person in front of you
e6175cc1-5ab77a6f.jpg,There are some cars buses stop signs speed limit signs people animals and traffic lights in front of you
d4352b0e-56a3b6f3.jpg,There are some cars buses stop signs speed limit signs people animals and traffic lights in front of you
e3d78738-00000000.jpg,There are some cars buses stop signs speed limit signs people animals and traffic lights in front of you
ddbabfdd-544917e0.jpg,There are some cars buses stop signs speed limit signs people animals and traffic lights in front of you
d9c30554-8707da75.jpg,There are some cars buses stop signs speed limit signs people animals and traffic lights in front of you
e86832e6-d8b645ca.jpg,There is a traffic light in front of you
d9539d97-da690f50.jpg,There are some cars buses stop signs speed limit signs people animals and traffic lights in front of you
f5fce005-00000385.jpg,There are some cars in front of you
d9da6827-c349a403.jpg,There is a car in front of you
d13cc1ae-2b39192c.jpg,There are some cars buses stop signs speed limit signs people animals and traffic lights in front of you
bd84f287-00000000.jpg,There are some cars buses stop signs speed limit signs people animals and traffic lights in front of you
af0a7e94-deae0001.jpg,There is a stop sign in front of you
f3ec1f6d-1ca3aaad.jpg,There are some cars buses stop signs speed limit signs people animals and traffic lights in front of you
db6dcadf-1d1271cc.jpg,There is a traffic light in front of you
d06e9c67-bd47e52f.jpg,There are some cars buses stop signs speed limit signs people animals and traffic lights in front of you
cdaf07c3-00000000.jpg,There is a traffic light in front of you
e6c4acce-00000000.jpg,There are some cars buses stop signs speed limit signs people animals and traffic lights in front of you
ede15855-550957b2.jpg,There are some cars buses stop signs speed limit signs people animals and traffic lights in front of you
f5fce005-00000420.jpg,There are some cars in front of you
d1455a07-69ec7dfb.jpg,There is a traffic light in front of you
be1a0aee-712723c4.jpg,There are some people in front of you
f5fce005-00000435.jpg,There are some cars in front of you
db26b59b-f8f70bf8.jpg,There are some cars in front of you
d1a74015-91966a84.jpg,There is a traffic light in front of you
f4b1a3b9-f5b30cea.jpg,There are some cars buses stop signs speed limit signs people animals and traffic lights in front of you
b1455b0a-f8c10efc.jpg,There is a car in front of you
edba0d01-2b277cb0.jpg,There are some cars in front of you
af0a7e94-deae0000.jpg,There is a traffic light in front of you
f56c7a2b-0b8cda4f.jpg,There are some cars buses stop signs speed limit signs people animals and traffic lights in front of you
d793ba2f-00000000.jpg,There is a car in front of you
ce33eb34-e7727ea2.jpg,There are some cars buses stop signs speed limit signs people animals and traffic lights in front of you
e34608dc-00000000.jpg,There are some cars in front of you
d71caa86-8ddd9a2e.jpg,There are some cars buses stop signs speed limit signs people animals and traffic lights in front of you
f5fce005-00000390.jpg,There are some cars buses stop signs speed limit signs people animals and traffic lights in front of you
ae49bf6d-00000000.jpg,There are some cars buses stop signs speed limit signs people animals and traffic lights in front of you
d07b3e01-1ff03d3b.jpg,There are some cars in front of you
dec59f2f-c485c068.jpg,There is a car in front of you
e752dede-00000000.jpg,There are some cars buses stop signs speed limit signs people animals and traffic lights in front of you
d3a0e855-a31d294b.jpg,There are some cars buses stop signs speed limit signs people animals and traffic lights in front of you
c58dc9ab-00000000.jpg,There is a traffic light in front of you
d67e05cc-00000000.jpg,There is a traffic light in front of you
f5fce005-00000145.jpg,There are some cars in front of you
de775950-b5c36d48.jpg,There are some cars in front of you
e0f0467f-2ad34721.jpg,There are some cars in front of you
cbf1c1b8-90222583.jpg,There is a traffic light in front of you
e330a5f8-055721f6.jpg,There are some cars buses stop signs speed limit signs people animals and traffic lights in front of you
dc81e22b-a10379b4.jpg,There are some cars buses stop signs speed limit signs people animals and traffic lights in front of you
c968d661-00000000.jpg,There are some cars buses stop signs speed limit signs people animals and traffic lights in front of you
b4aa2f44-0c91eab6.jpg,There are some cars in front of you
d682587f-00000000.jpg,There are some cars in front of you
